PR,URL,Title,Content type,Is rendered page,HTTP status code,Organic traffic,Redirect URL,Redirect URL code,Redirect URL patch,Redirect URL patch status,Redirect chain URLs,Redirect chain URLs codes,Is redirect loop,No. of all inlinks,No. of redirect inlinks,First found at
0,https://khairan.tech/sharesa-digital/,,text/plain,false,308,0,https://khairan.tech/sharesa-digital,200,,,https://khairan.tech/sharesa-digital,200,false,1,0,https://khairan.tech/
0,https://khairan.tech/multi-asset-investment-analysis/,,text/plain,false,308,0,https://khairan.tech/multi-asset-investment-analysis,200,,,https://khairan.tech/multi-asset-investment-analysis,200,false,1,0,https://khairan.tech/
0,https://khairan.tech/velosta-web/,,text/plain,false,308,0,https://khairan.tech/velosta-web,200,,,https://khairan.tech/velosta-web,200,false,1,0,https://khairan.tech/
0,http://www.khairan.tech/,,text/plain,false,308,0,https://www.khairan.tech/,307,,,"https://www.khairan.tech/
https://khairan.tech/","307
200",false,0,0,
0,https://khairan.tech/zerocloud/,,text/plain,false,308,0,https://khairan.tech/zerocloud,200,,,https://khairan.tech/zerocloud,200,false,1,0,https://khairan.tech/
0,https://khairan.tech/oneformind/,,text/plain,false,308,0,https://khairan.tech/oneformind,200,,,https://khairan.tech/oneformind,200,false,1,0,https://khairan.tech/
0,https://khairan.tech/playforcalm/,,text/plain,false,308,0,https://khairan.tech/playforcalm,200,,,https://khairan.tech/playforcalm,200,false,1,0,https://khairan.tech/
0,https://khairan.tech/estimatescopeai/,,text/plain,false,308,0,https://khairan.tech/estimatescopeai,200,,,https://khairan.tech/estimatescopeai,200,false,1,0,https://khairan.tech/
0,https://khairan.tech/dlibration/,,text/plain,false,308,0,https://khairan.tech/dlibration,200,,,https://khairan.tech/dlibration,200,false,1,0,https://khairan.tech/
0,http://khairan.tech/,,text/plain,false,308,0,https://khairan.tech/,200,,,https://khairan.tech/,200,false,0,0,
0,https://khairan.tech/umkm-sukatani-website/,,text/plain,false,308,0,https://khairan.tech/umkm-sukatani-website,200,,,https://khairan.tech/umkm-sukatani-website,200,false,1,0,https://khairan.tech/
0,https://khairan.tech/organization-website/,,text/plain,false,308,0,https://khairan.tech/organization-website,200,,,https://khairan.tech/organization-website,200,false,1,0,https://khairan.tech/
0,https://khairan.tech/makaragus-library/,,text/plain,false,308,0,https://khairan.tech/makaragus-library,200,,,https://khairan.tech/makaragus-library,200,false,1,0,https://khairan.tech/
0,https://www.khairan.tech/,,text/plain,false,307,0,https://khairan.tech/,200,,,https://khairan.tech/,200,false,1,1,
0,https://khairan.tech/arvenia-shop-website/,,text/plain,false,308,0,https://khairan.tech/arvenia-shop-website,200,,,https://khairan.tech/arvenia-shop-website,200,false,1,0,https://khairan.tech/
